year,school_code,school_name
23,100016,Sherman Thomas Charter
23,100065,Oakland Unity High
23,100156,Lemoore University Elementary Charter
23,100289,N.E.W. Academy of Science and Arts
23,100354,Hawthorne Math and Science Academy
23,100388,Tierra Pacifica Charter
23,100602,"Lennox Mathematics, Science and Technology Academy"
23,100669,Stella Middle Charter Academy
23,100677,High Tech LA
23,100743,Accelerated Charter Elementary
23,100750,Wallis Annenberg High
23,100776,North Valley Military Institute College Preparatory Academy
23,100800,Central City Value
23,100867,KIPP Los Angeles College Preparatory
23,101048,St. HOPE Public School 7
23,101170,California Military Institute
23,101196,ICEF View Park Preparatory High
23,101204,High Tech Middle
23,101212,KIPP Summit Academy
23,101295,Sol Aureus College Preparatory
23,101337,KIPP Bayview Academy
23,101345,KIPP Adelante Preparatory Academy
23,101352,KIPP San Francisco Bay Academy
23,101360,Integrity Charter
23,101444,KIPP Academy of Opportunity
23,101477,Leadership Public Schools: Richmond
23,101535,Heritage K-8 Charter
23,101626,Edward B. Cole Academy
23,101659,"CATCH Prep Charter High, Inc."
23,101667,Wilder's Preparatory Academy Charter
23,101675,Oscar De La Hoya Animo Charter High
23,101683,Renaissance Arts Academy
23,101717,Crossroads Charter Academy
23,101725,Grizzly ChalleNGe Charter
23,101766,Community Outreach Academy
23,101774,Five Keys Charter (SF Sheriff's)
23,101832,Futures High
23,101881,New Technology High
23,101899,George Washington Carver School of Arts and Science
23,101907,The MET
23,101923,Roseland Charter
23,101956,Aspire Benjamin Holt College Preparatory Academy
23,102038,Sacramento Charter High
23,102335,Ocean Charter
23,102343,Aspire Capitol Heights Academy
23,102384,Primary Charter
23,102392,Millennium Charter
23,102426,PUC Milagro Charter
23,102434,Animo South Los Angeles Charter
23,102442,PUC Lakeview Charter Academy
23,102483,N.E.W. Academy Canoga Park
23,102491,Dr. Theodore T. Alexander Jr. Science Center
23,102525,Spring Lake Charter
23,102533,Santa Rosa Accelerated Charter
23,102541,New Designs Charter
23,105866,Woodland Star Charter
23,105890,Mark West Charter
23,106005,Village
23,106013,University Preparatory
23,106120,SIATech
23,106344,Northwest Prep Charter
23,106351,Ivy Academia
23,106427,Synergy Charter Academy
23,106518,Merced Scholars Charter
23,106534,Bullis Charter
23,106567,Nova Academy Early College High
23,106633,KIPP Heartwood Academy
23,106732,High Tech High International
23,106740,Aspen Valley Prep Academy
23,106757,Folsom Cordova K-8 Community Charter
23,106765,California Connections Academy Southern California
23,106799,Learning Choice Academy
23,106831,Animo Venice Charter High
23,106849,Animo Pat Brown
23,106864,Alliance Gertz-Ressler Richard Merkin 6-12 Complex
23,106872,Bert Corona Charter
23,106880,Jardin de la Infancia
23,106898,The Language Academy of Sacramento
23,106906,Bay Area Technology
23,107110,Six Rivers Charter High
23,107128,Whitmore Charter School of Art & Technology
23,107136,Whitmore Charter High
23,107151,"Escuela Popular/Center for Training and Careers, Family Learning"
23,107227,Charter Montessori Valley View Campus
23,107284,California Virtual Academy @ Sonoma
23,107300,City Arts & Leadership Academy
23,107318,Twin Rivers Charter
23,107508,Century Community Charter
23,107516,Summit Leadership Academy-High Desert
23,107573,High Tech Middle Media Arts
23,107730,ASA Charter
23,107755,Port of Los Angeles High
23,107938,Ezequiel Tafoya Alvarado Academy
23,108340,Lake County International Charter
23,108415,Heritage Peak Charter
23,108548,Iftin Charter
23,108563,EJE Elementary Academy Charter
23,108605,Stone Bridge
23,108647,Aspire Rosa Parks Academy
23,108670,Leadership Public Schools - Hayward
23,108787,High Tech High Media Arts
23,108795,Creative Connections Arts Academy
23,108837,Community Collaborative Charter
23,108860,Westlake Charter
23,108878,CHAMPS - Charter HS of Arts-Multimedia & Performing
23,108886,Gabriella Charter
23,108894,Alliance Judy Ivie Burton Technology Academy High
23,108910,ISANA Nascent Academy
23,108928,Larchmont Charter
23,108936,Alliance Collins Family College-Ready High
23,108944,Lighthouse Community Charter High
23,109009,Summit Charter Academy
23,109033,King-Chavez Arts and Athletics Academy
23,109066,Orange County Educational Arts Academy
23,109157,Magnolia Science Academy San Diego
23,109660,Aspire Antonio Maria Lugo Academy
23,109751,Visalia Charter Independent Study
23,109793,South Sutter Charter
23,109819,Aspire Berkley Maynard Academy
23,109827,Newcastle Charter
23,109843,Santa Rosa Academy
23,109850,Public Safety Academy
23,109884,James Jordan Middle
23,109900,Vista Real Charter High
23,109926,Academia Avance Charter
23,109934,Our Community Charter
23,109942,Los Angeles College Prep Academy
23,109975,Fuente Nueva Charter
23,109991,Crescent View West Public Charter
23,110007,Ocean Grove Charter
23,110205,Lemoore Middle College High
23,110304,Los Angeles Academy of Arts and Enterprise
23,110338,Achieve Charter School of Paradise Inc.
23,110551,Nord Country
23,110833,River Springs Charter
23,110973,Richmond College Preparatory
23,111195,Classical Academy High
23,111203,Alder Grove Charter School 2
23,111211,New Heights Charter
23,111336,Pittman Charter
23,111476,Achieve Academy
23,111484,New Village Girls Academy
23,111492,Alliance Patti And Peter Neuwirth Leadership Academy
23,111500,Alliance Dr. Olga Mohan High
23,111518,Alliance Jack H. Skirball Middle
23,111575,Animo Ralph Bunche Charter High
23,111583,Animo Jackie Robinson High
23,111625,Animo Watts College Preparatory Academy
23,111641,Alliance Ouchi-O'Donovan 6-12 Complex
23,111658,Alliance Marc & Eva Stern Math and Science
23,111674,Chrysalis Charter
23,111682,Hume Lake Charter
23,111708,Union Street Charter
23,111724,California Montessori Project-Shingle Springs Campus
23,111732,California Montessori Project - Elk Grove Campus
23,111757,California Montessori Project - Capitol Campus
23,111773,Family Partnership Charter
23,111856,AIMS College Prep High
23,111880,Discovery Charter
23,111898,Albert Einstein Academies
23,111906,King-Chavez Preparatory Academy
23,112060,Hesby Oaks Leadership Charter
23,112128,Aspire Ollin University Preparatory Academy
23,112169,California Montessori Project-San Juan Campuses
23,112177,Monterey Bay Charter
23,112201,PUC Excel Charter Academy
23,112235,California Creative Learning Academy
23,112276,Gold Rush Home Study Charter
23,112284,California Virtual Academy San Mateo
23,112292,Aspire Summit Charter Academy
23,112300,La Vida Charter
23,112383,Paradise Charter
23,112417,Ventura Charter School of Arts and Global Education
23,112425,Natomas Pacific Pathways Prep
23,112441,Pathways to College K8
23,112458,California Connections Academy Central Valley
23,112508,Stella High Charter Academy
23,112607,Envision Academy for Arts & Technology
23,112698,California Virtual Academy at Kings
23,112706,California Virtual Academy @ Los Angeles
23,112714,Antelope Valley Learning Academy
23,112722,Summit Preparatory Charter High
23,112987,Forestville Academy
23,113407,Rocky Point Charter
23,113431,University Preparatory Academy Charter
23,113464,Aveson Global Leadership Academy
23,113472,Aveson School of Leaders
23,113530,Santa Rosa Charter School for the Arts
23,113662,Voices College-Bound Language Academy
23,113704,Rocketship Mateo Sheedy Elementary
23,113852,Riverbank Language Academy
23,113878,Higher Learning Academy
23,113894,Pasadena Rosebud Academy
23,113928,Riverside Preparatory
23,114256,Inland Leaders Charter
23,114264,North County Trade Tech High
23,114272,SAVA - Sacramento Academic and Vocational Academy
23,114314,Bitney Prep High
23,114322,Yuba River Charter
23,114330,Nevada City School of the Arts
23,114348,Butterfield Charter
23,114355,Sierra Charter
23,114363,AIMS College Prep Elementary
23,114371,Rocklin Academy at Meyers Street
23,114389,Mirus Secondary
23,114421,KIPP King Collegiate High
23,114439,Mission View Public
23,114462,Health Sciences High and Middle College
23,114470,Making Waves Academy
23,114553,University High
23,114660,Delta Elementary Charter
23,114678,High Tech High Chula Vista
23,114694,High Tech High North County
23,114868,Oakland Charter High
23,114876,Aspire Port City Academy
23,114884,Aspire Junior Collegiate Academy
23,114934,Village Charter
23,114959,Monsenor Oscar Romero Charter Middle
23,114967,Global Education Academy
23,114983,Golden Valley River
23,114991,CORE Butte Charter
23,115014,KIPP Bridge Academy
23,115030,Magnolia Science Academy 3
23,115048,Fenton Primary Center
23,115055,River Oak Charter
23,115063,Antioch Charter Academy II
23,115089,Sky Mountain Charter
23,115105,Camarillo Academy of Progressive Education
23,115113,"Ivy Bound Academy of Math, Science, and Technology Charter Middle"
23,115139,Center for Advanced Learning
23,115154,Trillium Charter
23,115170,School of Extended Educational Options
23,115212,Magnolia Science Academy 2
23,115238,ARISE High
23,115253,Discovery Charter Preparatory #2
23,115287,ICEF Vista Middle Academy
23,115469,Vallejo Charter
23,115592,Learning Without Limits
23,115725,Lifeline Education Charter
23,115808,Norton Science and Language Academy
23,116434,Orcutt Academy Charter
23,116491,Open Door Charter
23,116509,Alliance Morgan McKinzie High
23,116590,Harmony Magnet Academy
23,116640,Kings Canyon Online
23,116707,Encore Jr./Sr. High School for the Performing and Visual Arts
23,116723,Academy of Careers and Exploration
23,116814,ACE Empower Academy
23,116822,Wilder's Preparatory Academy Charter Middle
23,116889,KIPP San Jose Collegiate
23,116921,Manzanita Public Charter
23,117036,Enadia Way Technology Charter
23,117077,APEX Academy
23,117150,Loomis Basin Charter
23,117168,Golden Eagle Charter
23,117184,Madera County Independent Academy
23,117192,SOAR Charter Academy
23,117234,Santa Clarita Valley International
23,117242,Yuba Environmental Science Charter Academy
23,117457,Great Valley Academy
23,117598,Alliance Piera Barbaglia Shaheen Health Services Academy
23,117606,Alliance Leichtman-Levine Family Foundation Environmental Science High
23,117614,New Los Angeles Charter
23,117622,Magnolia Science Academy 4
23,117648,Magnolia Science Academy 6
23,117655,Magnolia Science Academy 7
23,117796,New Jerusalem
23,117804,Ceiba College Preparatory Academy
23,117846,Para Los Niños Middle
23,117853,Dr. Lewis Dolphin Stallworth Sr. Charter
23,117879,Maria Montessori Charter Academy
23,117895,Synergy Kinetic Academy
23,117903,KIPP Raices Academy
23,117911,New Millennium Secondary
23,117937,ICEF Vista Elementary Academy
23,117952,ICEF Innovation Los Angeles Charter
23,117978,Goethe International Charter
23,117994,YouthBuild Charter School of California
23,118018,Clovis Online Charter
23,118042,Forest Ranch Charter
23,118059,LaVerne Elementary Preparatory Academy
23,118075,Learning Works
23,118083,Innovations Academy
23,118141,Five Keys Independence HS (SF Sheriff's)
23,118224,Aspire Golden State College Preparatory Academy
23,118349,Big Sur Charter
23,118455,Ballington Academy for the Arts and Sciences
23,118497,Aspire Langston Hughes Academy
23,118588,Alain Leroy Locke College Preparatory Academy
23,118760,Barack Obama Charter
23,118851,King-Chavez Community High
23,118950,Sherman Thomas Charter High
23,119016,Da Vinci Science
23,119024,Rocketship Si Se Puede Academy
23,119222,Nea Community Learning Center
23,119255,EJE Middle Academy
23,119271,High Tech Middle North County
23,119487,Western Sierra Collegiate Academy
23,119503,Everest Public High
23,119578,Da Vinci Charter Academy
23,119594,Leonardo da Vinci Health Sciences Charter
23,119602,University Preparatory High
23,119610,Gompers Preparatory Academy
23,119628,Big Picture Educational Academy
23,119636,Da Vinci Design
23,119669,Wonderful College Prep Academy
23,119743,Stockton Early College Academy
23,119750,River Montessori Elementary Charter
23,119982,Equitas Academy Charter
23,120006,New Vision Middle
23,120014,KIPP Endeavor College Preparatory Charter
23,120022,Valor Academy Middle
23,120030,Alliance College-Ready Middle Academy 4
23,120071,New Designs Charter School-Watts
23,120089,Gratton Charter
23,120097,Academia Moderna
23,120105,Creekside Charter
23,120113,Natomas Pacific Pathways Prep Middle
23,120121,REACH
23,120139,Nueva Vista Language Academy
23,120204,Sycamore Academy of Science and Cultural Arts
23,120212,Aspire Vanguard College Preparatory Academy
23,120303,ICEF Inglewood Elementary Charter Academy
23,120394,Inspire School of Arts and Sciences
23,120469,Aspire Alexander Twilight College Preparatory Academy
23,120477,Aspire Titan Academy
23,120527,Watts Learning Center Charter Middle
23,120568,Options for Youth-San Bernardino
23,120600,iQ Academy California-Los Angeles
23,120634,"Architecture, Construction & Engineering Charter High (ACE)"
23,120642,Rocketship Los Suenos Academy
23,120659,Visalia Technical Early College
23,120675,Western Center Academy
23,120717,one.Charter
23,120725,Stockton Collegiate International Elementary
23,120733,Stockton Collegiate International Secondary
23,121079,Ararat Charter
23,121137,Ingenium Charter
23,121285,Alliance Cindy and Bill Simon Technology Academy High
23,121293,Alliance Tennenbaum Family Technology High
23,121343,iEmpire Academy
23,121418,John Adams Academy - Roseville
23,121426,IvyTech Charter
23,121467,Aspire Alexander Twilight Secondary Academy
23,121475,Sherwood Montessori
23,121483,Alpha: Cornerstone Academy Preparatory
23,121509,Ipakanni Early College Charter
23,121525,Roberts Ferry Charter School Academy
23,121533,Morris E. Dailey Charter Elementary
23,121541,Aspire APEX Academy
23,121558,Shiloh Charter
23,121566,American River Charter
23,121608,Harvest Ridge Cooperative Charter
23,121624,Sierra Expeditionary Learning
23,121632,Paragon Collegiate Academy
23,121640,Cottonwood Creek Charter
23,121657,Mt. Lassen Charter
23,121665,Yav Pem Suab Academy - Preparing for the Future Charter
23,121673,NOVA Academy - Coachella
23,121681,San Diego Global Vision Academy
23,121699,KIPP Empower Academy
23,121707,KIPP Comienza Community Prep
23,121749,Science & Technology Academy at Knights Landing
23,121756,BRIDGES Charter
23,121772,Environmental Charter Middle
23,121848,Crown Preparatory Academy
23,122085,The Academy of Alameda
23,122242,TEACH Academy of Technologies
23,122267,Dixon Montessori Charter
23,122317,Hardy Brown College Prep
23,122440,Dunham Charter
23,122481,Animo Jefferson Charter Middle
23,122556,Citizens of the World Charter School Hollywood
23,122564,Camino Nuevo Elementary #3
23,122580,Rio Valley Charter
23,122606,PUC Lakeview Charter High
23,122614,Aspire Gateway Academy Charter
23,122622,Aspire Firestone Academy Charter
23,122630,Para Los Niños - Evelyn Thurman Gratts Primary
23,122655,ISANA Octavia Academy
23,122663,Imperial Valley Home School Academy
23,122713,River Oaks Academy
23,122721,Aspire Pacific Academy
23,122739,Vista Charter Middle
23,122747,Magnolia Science Academy Bell
23,122754,Valley Charter Elementary
23,122788,School for Entrepreneurship and Technology
23,122796,All Tribes Elementary Charter
23,122838,Valley Charter Middle
23,122861,Camino Nuevo Charter Academy #2
23,123042,High Tech Middle Chula Vista
23,123059,High Tech Elementary Chula Vista
23,123125,Camino Polytechnic
23,123133,Alliance Susan and Eric Smidt Technology High
23,123141,Alliance Ted K. Tajima High
23,123158,Arts In Action Community Charter
23,123166,ISANA Palmati Academy
23,123174,Life Source International Charter
23,123224,San Diego Virtual
23,123257,Downtown College Prep - Alum Rock
23,123265,Gateway Middle
23,123281,Rocketship Discovery Prep
23,123299,Rocketship Mosaic Elementary
23,123505,Mission Preparatory
23,123521,Charter Alternative Program (CAP)
23,123729,Community Roots Academy
23,123737,Three Rivers Charter
23,123760,Gilroy Prep (a Navigator School)
23,123778,Old Town Academy K-8 Charter
23,123786,Credo High
23,123794,Summit Public School: Tahoma
23,123802,Health Careers Academy
23,123810,Wildflower Open Classroom
23,123901,Capitol Collegiate Academy
23,123968,Community School for Creative Education
23,123984,ISANA Cardinal Academy
23,123992,Animo Ellen Ochoa Charter Middle
23,124008,Animo James B. Taylor Charter Middle
23,124016,Animo Legacy Charter Middle
23,124032,Competitive Edge Charter Academy (CECA)
23,124040,Grow Academy Arvin
23,124057,Valley Life Charter
23,124065,Sunrise Middle
23,124164,Redwood Preparatory Charter
23,124172,Yu Ming Charter
23,124198,Extera Public
23,124222,Rise Kohyang Middle
23,124248,Pacific Law Academy
23,124255,Trivium Charter
23,124263,Laurel Tree Charter
23,124289,South Bay Charter
23,124297,Bay View Academy
23,124321,Howard Gardner Community Charter
23,124347,City Heights Preparatory Charter
23,124560,Synergy Quantum Academy
23,124669,eCademy Charter at Crane
23,124743,Oxford Preparatory Academy - South Orange County
23,124768,Great Valley Academy - Salida
23,124776,Loma Vista Charter
23,124784,Aspire Slauson Academy Charter
23,124792,Aspire Juanita Tate Academy Charter
23,124800,Aspire Inskeep Academy Charter
23,124818,Los Angeles Leadership Primary Academy
23,124826,Camino Nuevo Charter Academy #4
23,124834,Sierra Academy of Expeditionary Learning
23,124875,Sacramento Valley Charter
23,124891,Alliance Renee and Meyer Luskin Academy High
23,124909,Walden Academy
23,124917,Guajome Learning Center
23,124933,PUC Early College Academy for Leaders and Scholars (ECALS)
23,124941,Alliance Margaret M. Bloomfield Technology Academy High
23,124958,TEAM Charter
23,124990,Urban Corps of San Diego County Charter
23,125013,Chicago Park Community Charter
23,125021,Minarets Charter High
23,125237,Leadership Military Academy
23,125377,Palmdale Aerospace Academy
23,125385,"Imagine Schools, Riverside County"
23,125401,Insight @ San Diego
23,125526,Alpha: Blanca Alvarado
23,125542,Sycamore Valley Academy
23,125559,iLEAD Lancaster Charter
23,125567,Urban Montessori Charter
23,125609,KIPP Philosophers Academy
23,125617,ACE Charter High
23,125625,KIPP Scholar Academy
23,125633,California Heritage Youthbuild Academy II
23,125641,KIPP Sol Academy
23,125658,Willits Elementary Charter
23,125781,Rocketship Academy Brilliant Minds
23,125799,Rocketship Alma Academy
23,125807,Almond Acres Charter Academy
23,125823,Sierra Foothill Charter
23,125831,Santa Rosa French-American Charter (SRFACS)
23,125849,California Connections Academy Northern California
23,125864,Ednovate - USC Hybrid High College Prep
23,126003,Academies of the Antelope Valley
23,126011,Escalon Charter Academy
23,126037,Samueli Academy
23,126060,Leroy Greene Academy
23,126086,Hawking S.T.E.A.M. Charter
23,126128,REACH Leadership STEAM Academy
23,126136,Math and Science College Preparatory
23,126169,Equitas Academy #2
23,126177,Citizens of the World Charter School Silver Lake
23,126193,Citizens of the World Charter School Mar Vista
23,126219,Forest Charter
23,126227,Twin Ridges Home Study Charter
23,126292,Reedley Middle College High
23,126664,Alta Vista Community Charter
23,126714,Woodward Leadership Academy
23,126722,East Palo Alto Academy
23,126730,Kavod Charter
23,126748,LPS Oakland R & D Campus
23,126755,"Humphreys College Academy of Business, Law and Education"
23,126797,Aspire Centennial College Preparatory Academy
23,126805,Richmond Charter Academy
23,126904,Placer County Pathways Charter
23,127084,Compass Charter Schools of San Diego
23,127100,Assurance Learning Academy
23,127118,The Heights Charter
23,127134,River Islands Technology Academy II
23,127142,Highland Academy
23,127191,California Virtual Academy @ San Joaquin
23,127209,Insight School of California
23,127282,Connect Community Charter
23,127498,Environmental Charter Middle - Inglewood
23,127506,Intellectual Virtues Academy of Long Beach
23,127514,Kepler Neighborhood
23,127530,KIPP San Francisco College Preparatory
23,127548,Summit Public School: Shasta
23,127555,Loma Vista Immersion Academy
23,127605,High Tech Elementary North County
23,127647,e3 Civic High
23,127670,KIPP Iluminar Academy
23,127688,Hollister Prep
23,127696,Knowledge Enlightens You (KEY) Academy
23,127886,City Language Immersion Charter
23,127894,Valor Academy High
23,127910,Camino Nuevo High #2
23,127928,Rocklin Academy Gateway
23,127936,PREPA TEC - Los Angeles
23,127944,Hayward Twin Oaks Montessori
23,127969,Discovery Charter II
23,127985,Ingenium Charter Middle
23,128009,Alliance Virgil Roberts Leadership Academy
23,128025,Lashon Academy
23,128033,Alliance College-Ready Middle Academy 8
23,128041,Alliance Kory Hunter Middle
23,128058,Alliance College-Ready Middle Academy 12
23,128074,Cesar Chavez Language Academy
23,128090,Summit Public School: Denali
23,128108,Rocketship Spark Academy
23,128124,Gateway International
23,128132,Extera Public School No. 2
23,128223,Bella Mente Montessori Academy
23,128371,New Horizons Charter Academy
23,128397,Come Back Kids
23,128413,Aspire College Academy
23,128421,Harbor Springs Charter
23,128439,Empire Springs Charter
23,128447,The Education Corps
23,128454,College Bridge Academy
23,128462,Taylion High Desert Academy/Adelanto
23,128488,Family First Charter
23,128496,New Opportunities Charter
23,128504,Peak to Peak Mountain Charter
23,128512,KIPP Academy of Innovation
23,128728,Da Vinci Connect
23,128736,Opportunities for Learning - Duarte
23,128777,Gateway College and Career Academy
23,128991,Grace Hopper STEM Academy
23,129007,California Virtual Academy at Sutter
23,129015,Yosemite-Wawona Elementary Charter
23,129023,Stanislaus Alternative Charter
23,129205,KIPP Heritage Academy
23,129213,Alpha: Jose Hernandez
23,129221,MethodSchools
23,129247,ACE Esperanza Middle
23,129270,Animo Mae Jemison Charter Middle
23,129387,Empower Language Academy
23,129395,Elevate
23,129460,KIPP Vida Preparatory Academy
23,129494,Kairos Public School Vacaville Academy
23,129528,Caliber: Beta Academy
23,129577,STREAM Charter
23,129593,PUC Inspire Charter Academy
23,129601,California Connections Academy North Bay
23,129619,PUC Community Charter Elementary
23,129627,TEACH Tech Charter High
23,129635,Downtown Charter Academy
23,129643,Richmond Charter Elementary-Benito Juarez
23,129650,Equitas Academy #3 Charter
23,129668,Motivated Youth Academy
23,129684,Summit Public School K2
23,129718,Downtown College Preparatory Middle
23,129759,Design Tech High
23,129833,Global Education Academy 2
23,129858,Everest Value
23,129866,Village Charter Academy
23,129890,Delta Home Charter
23,129916,Valley View Charter Prep
23,129924,Kipp Prize Preparatory Academy
23,129932,East Bay Innovation Academy
23,129957,Northern Summit Academy Shasta
23,129965,Rising Sun Montessori
23,130534,Circle of Independent Learning
23,130609,Alameda Community Learning Center
23,130617,"Oakland Military Institute, College Preparatory Academy"
23,130625,Alternatives in Action
23,130633,Lighthouse Community Charter
23,130666,Aspire Lionel Wilson College Preparatory Academy
23,130708,Sierra Vista Charter High
23,130724,Success One!
23,130732,Aspire Triumph Technology Academy
23,130757,Highlands Community Charter
23,130765,Magnolia Science Academy Santa Ana
23,130823,EPIC de Cesar Chavez
23,130856,Luis Valdez Leadership Academy
23,130930,Vista Oaks Charter
23,130948,Independence Charter Academy
23,131110,Rocketship Fuerza Community Prep
23,131128,Da Vinci Communications
23,131136,New Joseph Bonnheim (NJB) Community Charter
23,131185,Fusion Charter
23,131383,SIATech Academy South
23,131417,Vibrant Minds Charter
23,131466,Fenton STEM Academy: Elementary Center for Science Technology Engineering and Mathematics
23,131565,High Tech Elementary
23,131581,Oakland Unity Middle
23,131656,ACE Inspire Academy
23,131706,River Charter Schools Lighthouse Charter
23,131722,Fenton Charter Leadership Academy
23,131748,Voices College-Bound Language Academy at Morgan Hill
23,131771,KIPP Ignite Academy
23,131789,NextGeneration STEAM Academy
23,131797,KIPP Promesa Prep
23,131821,Collegiate Charter High School of Los Angeles
23,131904,Libertas College Preparatory Charter
23,131938,Clear Passage Educational Center
23,131961,Petaluma Accelerated Charter
23,131979,Ingenuity Charter
23,131987,iLEAD Hybrid
23,131995,B. Roberto Cruz Leadership Academy
23,132019,Paseo Grande Charter
23,132027,University Preparatory Value High
23,132050,Astronaut Jose' M. Hernandez Academy
23,132068,KIPP Excelencia Community Preparatory
23,132076,Rocketship Redwood City
23,132084,Alliance Marine - Innovation and Technology 6-12 Complex
23,132100,Aspire Richmond Ca. College Preparatory Academy
23,132118,Aspire Richmond Technology Academy
23,132126,Bert Corona Charter High
23,132183,The New School of San Francisco
23,132233,John Henry High
23,132274,Alpha Cindy Avitia High
23,132282,Ednovate - East College Prep
23,132399,Golden Valley Orchard
23,132415,John McCandless Charter
23,132464,Empowering Possibilities International Charter
23,132472,California Pacific Charter - San Diego
23,132506,Cabrillo Point Academy
23,132514,Francophone Charter School of Oakland
23,132530,Voices College-Bound Language Academy at Mt. Pleasant
23,132597,Evergreen Institute of Excellence
23,132605,Valiente College Preparatory Charter
23,132613,Vista Heritage Global Academy
23,132654,California Pacific Charter- Los Angeles
23,132662,Denair Elementary Charter Academy
23,132845,Today's Fresh Start-Compton
23,132910,College and Career Preparatory Academy
23,132928,Anahuacalmecac International University Preparatory of North America
23,132936,Chawanakee Academy Charter
23,132944,Redding STEM Academy
23,132977,Sutter Peak Charter Academy
23,133116,Insight @ San Joaquin
23,133272,PUC Triumph Charter Academy and PUC Triumph Charter High
23,133280,PUC Nueva Esperanza Charter Academy
23,133298,PUC CALS Middle School and Early College High
23,133496,Rocketship Rising Stars
23,133637,Summit Public School: Tamalpais
23,133678,Aspire Benjamin Holt Middle
23,133686,Equitas Academy 4
23,133694,Valor Academy Elementary
23,133702,New Los Angeles Charter Elementary
23,133710,Girls Athletic Leadership School Los Angeles
23,133785,Oxford Preparatory Academy - Saddleback Valley
23,133793,Accelerated Charter High
23,133868,Rise Kohyang High
23,133892,Ballington Academy for the Arts and Sciences - San Bernardino
23,133934,Feather River Charter
23,133942,Aspen Meadow Public
23,133959,Unity Middle College High
23,133983,Ednovate - Legacy College Prep.
23,134015,Lodestar: A Lighthouse Community Charter Public
23,134023,Animo Florence-Firestone Charter Middle
23,134049,Natomas Pacific Pathways Prep Elementary
23,134056,Orange County Academy of Sciences and Arts
23,134072,Rocketship Futuro Academy
23,134114,Contra Costa School of Performing Arts
23,134122,Redding School of the Arts
23,134148,The City
23,134163,Northcoast Preparatory and Performing Arts Academy
23,134197,Aspire East Palo Alto Charter
23,134205,Arts in Action Community Middle
23,134213,Come Back Butte Charter
23,134221,Kinetic Academy
23,134239,EPIC Charter (Excellence Performance Innovation Citizenship)
23,134262,Caliber: ChangeMakers Academy
23,134288,Scholarship Prep - Orange County
23,134312,Blue Ridge Academy
23,134338,ISANA Achernar Academy
23,134346,Intellectual Virtues Academy
23,134361,Russell Westbrook Why Not? Middle
23,134379,Imperial Pathways Charter
23,134403,Lassen-Antelope Volcanic Academy (LAVA)
23,134510,Sherman Thomas STEM Academy
23,134577,Audeo Charter II
23,134619,Empower Generations
23,134841,Orange County Workforce Innovation High
23,134858,California School of the Arts - San Gabriel Valley
23,134890,San Diego Workforce Innovation High
23,134940,Citrus Springs Charter
23,135087,Opportunity Youth Academy
23,135095,Ernest Kimme Charter Academy
23,135103,Yosemite Valley Charter
23,135145,Compass Charter Schools of Los Angeles
23,135186,Grow Academy Shafter
23,135269,Oxford Day Academy
23,135343,Growth Public
23,135350,Ross Valley Charter
23,135368,Alma Fuerte Public
23,135459,Blue Oak Academy
23,135467,Wonderful College Prep Academy - Lost Hills
23,135509,Gabriella Charter 2
23,135517,KIPP Corazon Academy
23,135582,Russell Westbrook Why Not? High
23,135608,KIPP Valiant Community Prep
23,135616,Crete Academy
23,135624,Tree of Life International Charter
23,135632,WISH Academy High
23,135715,Ednovate - Esperanza College Prep
23,135723,Ednovate - Brio College Prep
23,135756,Thompson Peak Charter
23,135848,Redding Collegiate Academy
23,135863,Global Learning Charter
23,135871,John Adams Academy - Lincoln
23,135889,Stellar Charter
23,135897,Advanced Learning Academy
23,135913,Urban Discovery Academy Charter
23,135921,WISH Community
23,135939,Washington Middle College High
23,135954,ISANA Himalia Academy
23,136028,Delta Keys Charter
23,136036,John Adams Academy - El Dorado Hills
23,136069,Sage Oak Charter
23,136077,Grossmont Secondary
23,136085,Scholarship Prep - Oceanside
23,136101,Connecting Waters Charter - East Bay
23,136119,Animo City of Champions Charter High
23,136127,Sage Oak Charter School- Keppel
23,136135,Delta Charter Online
23,136168,Temecula International Academy
23,136200,Clarksville Charter
23,136226,Opportunity Academy
23,136234,Lemoore Online College Preparatory High
23,136267,Coastal Academy Charter
23,136275,Fortune
23,136283,Team Charter Academy
23,136291,Career Technical Education Charter
23,136408,Sparrow Academy
23,136416,Pacific Coast Academy
23,136424,Arete Charter Academy
23,136432,Alta Vista Innovation High
23,136473,Sweetwater Secondary
23,136499,Ambassador Phillip V. Sanchez II Public Charter
23,136507,Crescent Valley Public Charter II
23,136523,Crescent View South II
23,136531,iLEAD Online
23,136556,Kings Valley Academy II
23,136572,Santa Cruz County Career Advancement Charter
23,136614,Diego Hills Central Public Charter
23,136648,Options for Youth-Acton
23,136663,America's Finest Charter
23,136903,Voices College-Bound Language Academy at West Contra Costa County
23,136937,Vista Norte Public Charter
23,136945,OCS - South
23,136952,Entrepreneur High
23,136960,Elite Academic Academy - Lucerne
23,136978,Elite Academic Academy - Mountain Empire
23,136986,STEM Preparatory Elementary
23,136994,Rise Kohyang Elementary
23,137000,Vista Condor Global Academy
23,137026,Invictus Academy of Richmond
23,137034,Audeo Charter School III
23,137059,Perseverance Preparatory
23,137067,High Tech High Mesa
23,137109,Diego Valley East Public Charter
23,137166,Soleil Academy Charter
23,137174,Mojave River Academy - Gold Canyon
23,137182,Mojave River Academy - National Trails
23,137190,Mojave River Academy - Oro Grande
23,137208,Mojave River Academy - Route 66
23,137216,Mojave River Academy - Rockview Park
23,137224,Mojave River Academy - Silver Mountain
23,137232,Mojave River Academy - Marble City
23,137240,Ingenium Clarion Charter Middle
23,137265,Aspire University Charter
23,137273,Campbell School of Innovation
23,137281,SAVA - Sacramento Academic and Vocational Academy - EGUSD
23,137307,KIPP Bayview Elementary
23,137315,KIPP Navigate College Prep
23,137323,Vista Springs Charter
23,137356,College Preparatory Middle
23,137364,Northern United - Humboldt Charter
23,137372,Northern United - Siskiyou Charter
23,137380,MIT Griffin Academy Middle
23,137406,SAVA - Sacramento Academic and Vocational Academy - SCUSD
23,137430,Rocketship Delta Prep
23,137448,Aurum Preparatory Academy
23,137463,California Creative Learning Academy MS
23,137471,High Tech LA Middle
23,137513,Learning by Design Charter
23,137521,Vox Collegiate of Los Angeles
23,137547,Allegiance STEAM Academy - Thrive
23,137562,Matrix for Success Academy
23,137604,Stella Elementary Charter Academy
23,137612,Valley International Preparatory High
23,137646,Impact Academy of Arts & Technology
23,137653,Redwood Coast Montessori
23,137661,California Virtual Academy at Fresno
23,137679,Magnolia Science Academy 5
23,137687,California Virtual Academy at Maricopa
23,137695,Community Montessori
23,137703,"Method Schools, LA"
23,137729,Uncharted Shores Academy
23,137752,Dimensions Collaborative
23,137786,Mission Academy
23,137794,Gorman Learning Center San Bernardino/Santa Clarita
23,137828,Pivot Charter School North Valley II
23,137836,Pivot Charter School Riverside
23,137851,Julia Lee Performing Arts Academy
23,137869,Excelsior Charter School Corona-Norco
23,137877,Trivium Charter School Adventure
23,137885,Trivium Charter School Voyage
23,137893,KIPP Compton Community
23,137901,Hanford Online Charter
23,137919,Buckeye Union Mandarin Immersion Charter
23,137927,Placer Academy Charter
23,137935,Savant Preparatory Academy of Business
23,137950,Marconi Learning Academy
23,137968,Porterville Military Academy
23,137976,Tomorrow's Leadership Collaborative (TLC) Charter
23,137984,Animo Compton Charter
23,138016,Pacific Springs Charter
23,138024,Journey
23,138032,Come Back Charter
23,138040,AeroSTEM Academy
23,138057,Connecting Waters Charter School - Central Valley
23,138065,Pivot Charter School - North Bay
23,138073,Learning Choice Academy - Chula Vista
23,138081,Maidu Virtual Charter Academy
23,138099,Baypoint Preparatory Academy - San Diego
23,138107,Virtual Preparatory Academy at Lucerne
23,138131,Heartland Charter
23,138156,JCS - Mountain Oaks
23,138222,Pivot Charter School - San Diego II
23,138289,Latitude 37.8 High
23,138297,iLead Agua Dulce
23,138305,TEACH Preparatory Mildred S. Cunningham & Edith H. Morris Elementary
23,138362,Olive Grove Charter - Orcutt/Santa Maria
23,138370,Olive Grove Charter - Lompoc
23,138388,Olive Grove Charter - Buellton
23,138396,Olive Grove Charter - Santa Barbara
23,138404,Classical Academy Vista
23,138594,Dual Language Immersion North County
23,138602,JCS - Pine Hills
23,138610,Scale Leadership Academy - East
23,138628,JCS - Cedar Cove
23,138636,JCS - Pine Valley
23,138651,San Diego Mission Academy
23,138669,Da Vinci RISE High
23,138768,High Tech Middle Mesa
23,138776,High Tech Elementary Mesa
23,138792,JCS - Manzanita
23,138800,Suncoast Preparatory Academy
23,138867,Hayward Collegiate Charter
23,138883,Equitas Academy 6
23,138891,California Connections Academy Central Coast
23,138909,Watsonville Prep
23,139006,Cottonwood
23,139030,Elite Public
23,139048,California Pacific Charter - Sonoma
23,139055,Academy of Media Arts
23,139063,The Learning Choice Academy - East County
23,139071,KIPP Pueblo Unido
23,139089,Vista Horizon Global Academy
23,139097,Scholarship Prep - South Bay
23,139121,Equitas Academy 5
23,139147,Sycamore Academy of Science and Cultural Arts - Chino Valley
23,139170,Lashon Academy City
23,139188,Granite Mountain Charter
23,139345,We the People High
23,139352,Sycamore Creek Community Charter
23,139360,Mission Vista Academy
23,139378,Sage Oak Charter School - South
23,139386,Excel Academy Charter
23,139394,Kidinnu Academy
23,139402,Brookfield Engineering Science Technology Academy
23,139410,California Connections Academy Monterey Bay
23,139428,Garvey/Allen Visual & Performing Arts Academy for STEM
23,139436,Compass Charter School of Yolo
23,139451,Pathways Academy Charter - Adult Education
23,139469,International School for Science and Culture
23,139477,Monarch River Academy
23,139535,"Options For Youth - Duarte, Inc"
23,139543,Shasta View Academy
23,139550,Lake View Charter
23,139568,Heartwood Charter
23,139576,Excel Academy Charter
23,139584,California Innovative Career Academy
23,139592,Peak Prep Pleasant Valley
23,139816,Griffin Academy High
23,139832,Citizens of the World Charter School West Valley
23,139865,Aspire Stockton 6-12 Secondary Academy
23,139907,Voices College Bound Language Academy at Stockton
23,139915,KIPP Esperanza High
23,139923,Aspire Stockton TK-5 Elementary Academy
23,139949,Tracy Independent Study Charter
23,139964,Orange County Classical Academy
23,140004,El Rio Community
23,140012,Entrepreneur High Fontana
23,140038,Endeavor Charter
23,140061,OCASA College Prep
23,140111,Invictus Leadership Academy
23,140129,Ednovate - South LA College Prep
23,140152,Pathways Charter Academy
23,140160,American River Collegiate Academy
23,140178,New Hope Charter
23,140186,Clovis Global Academy
23,140228,Liberty Independent Study
23,140392,Banta Charter
23,140558,Bostonia Global
23,140616,KIPP Stockton Kindergarten-12 Grade
23,140681,Environmental Charter High - Gardena
23,140749,Citizens of the World Charter School East Valley
23,140756,T.I.M.E. Community
23,140764,Golden Charter Academy
23,140772,KIPP Poder Public
23,140780,Audeo Valley Charter
23,140798,Bridges Preparatory Academy
23,140806,Aspen Ridge Public
23,140814,Shanél Valley Academy
23,140822,Irvine International Academy
23,140889,Palmdale Academy Charter
23,140962,The SEED School of Los Angeles County
23,141085,Achieve Charter School of Chico
23,141234,EPIC Academy
23,141242,River Islands High
23,141358,KIPP Stockton Kindergarten-8 Grade
23,141481,KIPP Generations Academy
23,141580,Phoenix Charter Academy College View
23,141622,New Pacific School - Roseville
23,430090,Hearthstone
23,530154,Mountain Oaks
23,730614,Golden Gate Community
23,731380,Clayton Valley Charter High
23,830059,Castle Rock
23,930123,Charter Community School Home Study Academy
23,930131,Rite of Passage
23,930214,Pacific Crest Academy
23,1030642,School of Unlimited Learning
23,1030766,Hallmark Charter
23,1030774,W.E.B. DuBois Public Charter
23,1030840,Carter G. Woodson Public Charter
23,1130103,William Finch
23,1230150,Pacific View Charter 2.0
23,1530435,Kern Workforce 2000 Academy
23,1530492,Valley Oaks Charter
23,1530500,"Ridgecrest Elementary Academy for Language, Music, and Science"
23,1931047,Birmingham Community Charter High
23,1931708,Chatsworth Charter High
23,1931864,Grover Cleveland Charter High
23,1932623,El Camino Real Charter High
23,1933746,Granada Hills Charter
23,1937226,Reseda Charter High
23,1938554,Sylmar Charter High
23,1938612,Taft Charter High
23,1938885,University High School Charter
23,1995836,Palisades Charter High
23,1996016,Options for Youth San Gabriel
23,1996263,Opportunities for Learning - William S. Hart
23,1996305,Gorman Learning Center
23,1996313,Animo Leadership High
23,1996438,Environmental Charter High - Lawndale
23,1996479,Opportunities for Learning - Baldwin Park
23,1996529,City Honors International Preparatory High
23,1996537,Desert Sands Charter
23,1996586,Animo Inglewood Charter High
23,1996610,Los Angeles Leadership Academy
23,1996693,School of Arts and Enterprise
23,2030229,Pioneer Technical Center
23,2030237,Glacier High School Charter
23,2130102,Phoenix Academy
23,2330272,Eel River Charter
23,2330363,Willits Charter
23,2330413,Redwood Collegiate Academy
23,2330454,Sequoia Career Academy
23,2730232,Monterey County Home Charter
23,2730240,Learning for Life Charter
23,2930147,John Muir Charter
23,3030723,OCSA
23,3030772,Oakland School for the Arts
23,3130168,Horizon Charter
23,3230083,Plumas Charter
23,3330917,Temecula Preparatory
23,3331014,Nuview Bridge Early College High
23,3430659,Natomas Charter
23,3430691,Options for Youth-San Juan
23,3430717,Visions In Education
23,3430758,San Juan Choices Charter
23,3630670,Options for Youth-Victor Valley Charter
23,3630761,Excelsior Charter
23,3630928,Grove
23,3630993,Provisional Accelerated Learning Academy
23,3631207,Academy for Academic Excellence
23,3730942,Guajome Park Academy Charter
23,3730959,Charter School of San Diego
23,3731023,Escondido Charter High
23,3731072,River Valley Charter
23,3731189,Preuss School UCSD
23,3731221,Pacific View Charter
23,3731239,Julian Charter
23,3731247,High Tech High
23,3731262,Steele Canyon High
23,3731304,MAAC Community Charter
23,3731395,Audeo Charter
23,3732732,Helix High
23,3830429,Life Learning Academy Charter
23,3830437,Gateway High
23,3930476,Venture Academy
23,4330585,Downtown College Preparatory
23,4330668,Latino College Preparatory Academy
23,4330676,San Jose Conservation Corps Charter
23,4330726,Escuela Popular Accelerated Family Learning
23,4430179,SLVUSD Charter
23,4430187,Delta Charter
23,4430229,Pacific Coast Charter
23,4430245,Diamond Technology Institute
23,4430252,Pacific Collegiate Charter
23,4530267,Shasta Charter Academy
23,4530333,Anderson New Technology High
23,4830113,Buckingham Collegiate Charter Academy
23,4830196,MIT Academy
23,4930319,Orchard View
23,4930350,Sunridge Charter
23,5030176,Oakdale Charter
23,5030234,Valley College High
23,5030267,Denair Charter Academy
23,5030317,Connecting Waters Charter
23,5130125,Yuba City Charter
23,5430327,La Sierra High
23,5530191,Connections Visual and Performing Arts Academy
23,5630363,Golden Valley Charter
23,5630405,Valley Oak Charter
23,5830112,Yuba County Career Preparatory Charter
23,5830138,Marysville Charter Academy for the Arts
23,6001788,Cox Academy
23,6002000,Lazear Charter Academy
23,6008221,Agnes J. Johnson Charter
23,6009351,Cecil Avenue Math and Science Academy
23,6009369,Del Vista Math and Science Academy
23,6010763,Long Valley
23,6014518,La Tijera K-8 Academy of Excellence Charter
23,6015986,Beckford Charter for Enriched Studies
23,6016240,Calabash Charter Academy
23,6016265,Calvert Charter for Enriched Studies
23,6016323,Canyon Charter Elementary
23,6016356,Carpenter Community Charter
23,6016562,Colfax Charter Elementary
23,6016729,Dearborn Elementary Charter Academy
23,6016778,Dixie Canyon Community Charter
23,6016869,El Oro Way Charter For Enriched Studies
23,6016935,Encino Charter Elementary
23,6017016,Fenton Avenue Charter
23,6017438,Hamlin Charter Academy
23,6017529,Haynes Charter For Enriched Studies
23,6017693,Justice Street Academy Charter
23,6017701,Kenter Canyon Elementary Charter
23,6017743,Knollwood Preparatory Academy
23,6017891,Lockhurst Drive Charter Elementary
23,6018063,Marquez Charter
23,6018204,Montague Charter Academy
23,6018287,Nestle Avenue Charter
23,6018634,Palisades Charter Elementary
23,6018642,Pacoima Charter Elementary
23,6018725,Plainview Academic Charter Academy
23,6018774,Pomelo Community Charter
23,6018923,Riverside Drive Charter
23,6019079,Santa Monica Boulevard Community Charter
23,6019111,Serrania Avenue Charter For Enriched Studies
23,6019186,Sherman Oaks Elementary Charter
23,6019392,Superior Street Elementary
23,6019525,Topanga Elementary Charter
23,6019533,Topeka Charter School For Advanced Studies
23,6019673,Van Gogh Charter
23,6019715,Vaughn Next Century Learning Center
23,6019855,Welby Way Charter Elementary School And Gifted-High Ability Magnet
23,6019939,Westwood Charter Elementary
23,6019954,Wilbur Charter For Enriched Academics
23,6020036,Woodlake Elementary Community Charter
23,6020044,Woodland Hills Elementary Charter For Enriched Studies
23,6021984,La Verne Science and Technology Charter
23,6023527,San Jose Charter Academy
23,6025381,Ballico-Cressey Community Charter
23,6027197,Union Hill Elementary
23,6027379,Palm Lane Global Academy
23,6031959,George Washington Charter
23,6031991,Palm Desert Charter Middle
23,6032411,Cielo Vista Charter
23,6033336,Smythe Academy of Arts and Sciences
23,6033799,Bowling Green Elementary
23,6037956,Feaster (Mae L.) Charter
23,6037980,Mueller Charter (Robert L.)
23,6039457,Darnall Charter
23,6039812,Keiller Leadership Academy
23,6040018,Harriet Tubman Village Charter
23,6040190,King-Chavez Primary Academy
23,6040505,Imperial Beach Charter
23,6040513,Nestor Language Academy Charter
23,6040935,Thomas Edison Charter Academy
23,6042725,Nightingale Charter
23,6043194,Bellevue-Santa Fe Charter
23,6045918,Peabody Charter
23,6046247,Aptitud Community Academy at Goss
23,6046445,Fammatre Elementary
23,6046452,Farnham Charter
23,6046486,Price Charter Middle
23,6046494,Sartorette Charter
23,6046510,Blackford Elementary
23,6046536,Capri Elementary
23,6046544,Castlemont Elementary
23,6046577,Forest Hill Elementary
23,6046601,Lynhaven Elementary
23,6046619,Marshall Lane Elementary
23,6046627,Monroe Middle
23,6046668,Rolling Hills Middle
23,6046692,Sherman Oaks Elementary
23,6048045,Ida Jew Academies
23,6049720,Linscott Charter
23,6049829,Alianza Charter
23,6051338,Fairmont Charter Elementary
23,6051635,Cinnabar Charter
23,6051742,Gravenstein Elementary
23,6051759,Hillcrest Middle
23,6051767,Guerneville Elementary (Charter)
23,6051833,Liberty Elementary
23,6051858,San Miguel Elementary
23,6051890,Oak Grove Elementary/Willowside Middle
23,6051924,Old Adobe Elementary Charter
23,6051932,Mary Collins Charter School at Cherry Valley
23,6051981,Penngrove Elementary
23,6052039,Manzanita Elementary Charter
23,6052047,Whited Elementary Charter
23,6052070,Village Elementary Charter
23,6052302,Twin Hills Charter Middle
23,6052369,Cali Calmecac Language Academy
23,6052377,Wright Charter
23,6054340,Sequoia Elementary Charter
23,6055974,Meadows Arts and Technology Elementary
23,6057988,Emerson Community Charter
23,6058150,Louis Armstrong Middle
23,6058267,Paul Revere Charter Middle
23,6061477,George Ellery Hale Charter Academy
23,6061543,Alfred B. Nobel Charter Middle
23,6061584,Gaspar De Portola Charter Middle
23,6061964,The O'Farrell Charter
23,6066344,Olivet Elementary Charter
23,6071435,Castlebay Lane Charter
23,6072136,Miwok Valley Elementary Charter
23,6085112,Edison-Bethune Charter Academy
23,6085229,Binkley Elementary Charter
23,6085328,Santiago Middle
23,6094726,Community Magnet Charter Elementary
23,6094874,El Rancho Charter
23,6097927,Open Charter Magnet
23,6101927,Sixth Street Prep
23,6105571,Innovative Horizons Charter
23,6109144,Morrice Schaefer Charter
23,6110076,Mountain Home Charter (Alternative)
23,6110639,Salmon Creek School - A Charter
23,6111066,John B. Riebli Elementary
23,6111140,Grass Valley Charter
23,6111322,Discovery Charter
23,6111371,Vantage Point Charter
23,6111603,Santa Barbara Charter
23,6111660,Oakland Charter Academy
23,6111678,Sonoma Charter
23,6111918,Desert Trails Preparatory Academy
23,6112213,San Carlos Charter Learning Center
23,6112254,Elk Grove Charter
23,6112387,West Park Charter Academy
23,6112536,Accelerated
23,6112551,Temecula Valley Charter
23,6112585,HomeTech Charter
23,6112601,Creative Arts Charter
23,6112643,Westside Preparatory Charter
23,6112965,Hart-Ransom Academic Charter
23,6112999,Paradise Charter Middle
23,6113039,Sebastopol Independent Charter
23,6113120,Mid Valley Alternative Charter
23,6113211,McGill School of Success
23,6113229,Novato Charter
23,6113286,Keyes to Learning Charter
23,6113468,Vivian Banks Charter
23,6113492,Piner-Olivet Charter
23,6113765,Children's Community Charter
23,6113773,Chico Country Day
23,6113807,AIMS College Prep Middle
23,6114748,San Jacinto Valley Academy
23,6114755,Sonoma Mountain Elementary
23,6114912,Watts Learning Center
23,6115570,Museum
23,6115703,Antioch Charter Academy
23,6115778,Chula Vista Learning Community Charter
23,6115935,CORE Charter
23,6116255,Mare Island Technology Academy
23,6116289,Freshwater Charter Middle
23,6116594,Aspire Vincent Shalvey Academy
23,6116669,Pacific Community Charter
23,6116750,PUC Community Charter Middle and PUC Community Charter Early College High
23,6116776,Classical Academy
23,6116859,Arroyo Vista Charter
23,6116883,Odyssey Charter
23,6116909,Charter Home School Academy
23,6116958,Kid Street Learning Center Charter
23,6117048,ICEF View Park Preparatory Elementary
23,6117279,Holly Drive Leadership Academy
23,6117303,Greater San Diego Academy
23,6117386,Tree of Life Charter
23,6117568,Aspire Monarch Academy
23,6117667,Camino Nuevo Charter Academy
23,6117675,Joe Serna Jr. Charter
23,6117683,High Tech Elementary Explorer
23,6117758,Journey
23,6117865,Quail Lake Environmental Charter
23,6117873,Sanger Academy Charter
23,6117931,Monarch Learning Center
23,6117972,North Oakland Community Charter
23,6118087,Eagle Peak Montessori
23,6118202,Adelante Charter
23,6118350,Mountain View Montessori Charter
23,6118368,Manzanita Middle
23,6118392,Rocklin Academy
23,6118434,Santa Ynez Valley Charter
23,6118541,Charter School of Morgan Hill
23,6118608,ASCEND
23,6118665,Discovery Charter
23,6118806,Wheatland Charter Academy
23,6118921,Aspire River Oaks Charter
23,6118962,International School of Monterey
23,6119036,Live Oak Charter
23,6119044,Multicultural Learning Center
23,6119077,Watsonville Charter School of the Arts
23,6119119,Literacy First Charter
23,6119127,El Sol Santa Ana Science and Arts Academy
23,6119168,San Diego Cooperative Charter
23,6119275,All Tribes Charter
23,6119291,Eleanor Roosevelt Community Learning Center
23,6119309,Delta Charter
23,6119523,Blue Oak Charter
23,6119531,CHIME Institute's Schwarzenegger Community
23,6119598,King-Chavez Academy of Excellence
23,6119606,Lincoln Street
23,6119663,Oasis Charter Public
23,6119671,Tehama eLearning Academy
23,6119903,Downtown Value
23,6119945,Magnolia Science Academy
23,6120158,New West Charter
23,6120356,Opportunities for Learning - Capistrano
23,6120471,Puente Charter
23,6120489,Para Los Niños Charter
23,6120562,Coastal Grove Charter
23,6120588,Pathways Charter
23,6120620,University Preparation Charter School at CSU Channel Islands
23,6120893,California Virtual Academy @ San Diego
23,6120901,Barona Indian Charter
23,6121081,ICEF View Park Preparatory Middle
